LogID,CredentialID,EmployeeName,Date,Time,Timestamp,PunchType,DeviceID,VerificationMethod,WorkCode,Status
1001,10100,"AQUINO, DANILO P.",2025-06-02,07:45:48,2025-06-02 07:45:48,IN,DEV-001,Fingerprint,DAY,Valid
1002,10066,"VILLANUEVA, MARK T.",2025-06-02,07:47:27,2025-06-02 07:47:27,IN,DEV-003,Fingerprint,DAY,Valid
1003,12345,"RELATIVO, XAVIER D.",2025-06-02,07:50:37,2025-06-02 07:50:37,IN,DEV-001,Fingerprint,DAY,Valid
1004,10111,"CRUZ, PATRICIA J.",2025-06-02,07:55:05,2025-06-02 07:55:05,IN,DEV-001,Fingerprint,LEAVE,Forced
1005,10033,"GARCIA, ANNA L.",2025-06-02,07:57:05,2025-06-02 07:57:05,IN,DEV-001,Fingerprint,DAY,Valid
1006,10099,"BAUTISTA, CLAIRE V.",2025-06-02,08:04:49,2025-06-02 08:04:49,IN,DEV-001,Fingerprint,DAY,Valid
1007,10122,"DOMINGO, ALLEN S.",2025-06-02,08:05:04,2025-06-02 08:05:04,IN,DEV-002,Fingerprint,DAY,Valid
1008,10088,"FLORES, RODEL G.",2025-06-02,08:05:41,2025-06-02 08:05:41,IN,DEV-001,Fingerprint,DAY,Valid
1009,10044,"MENDOZA, CARLO B.",2025-06-02,08:11:21,2025-06-02 08:11:21,IN,DEV-001,RFID,DAY,Valid
1010,10055,"TORRES, LIZA M.",2025-06-02,08:19:26,2025-06-02 08:19:26,IN,DEV-002,Face,DAY,Valid
1011,10133,"RAMOS, JESSA Q.",2025-06-02,08:26:19,2025-06-02 08:26:19,IN,DEV-003,Fingerprint,DAY,Valid
1012,10144,"NAVARRO, EDGAR A.",2025-06-02,08:27:24,2025-06-02 08:27:24,IN,DEV-002,PIN,DAY,Unverified
1013,10022,"REYES, JOSE R.",2025-06-02,08:28:13,2025-06-02 08:28:13,IN,DEV-002,Fingerprint,DAY,Valid
1014,10077,"CASTILLO, NINA F.",2025-06-02,08:43:53,2025-06-02 08:43:53,IN,DEV-001,Face,DAY,Valid
1015,10011,"SANTOS, MARIA C.",2025-06-02,09:23:31,2025-06-02 09:23:31,IN,DEV-003,Fingerprint,DAY,Valid
1016,10122,"DOMINGO, ALLEN S.",2025-06-02,11:48:01,2025-06-02 11:48:01,OUT,DEV-002,Face,,Valid
1017,10077,"CASTILLO, NINA F.",2025-06-02,11:49:08,2025-06-02 11:49:08,OUT,DEV-001,RFID,,Valid
1018,12345,"RELATIVO, XAVIER D.",2025-06-02,11:51:14,2025-06-02 11:51:14,OUT,DEV-001,Fingerprint,,Valid
1019,10133,"RAMOS, JESSA Q.",2025-06-02,11:53:05,2025-06-02 11:53:05,OUT,DEV-002,Fingerprint,,Valid
1020,10088,"FLORES, RODEL G.",2025-06-02,12:01:22,2025-06-02 12:01:22,OUT,DEV-001,RFID,,Valid
1021,10033,"GARCIA, ANNA L.",2025-06-02,12:02:48,2025-06-02 12:02:48,OUT,DEV-001,Fingerprint,,Valid
1022,10100,"AQUINO, DANILO P.",2025-06-02,12:06:46,2025-06-02 12:06:46,OUT,DEV-001,Fingerprint,,Valid
1023,10099,"BAUTISTA, CLAIRE V.",2025-06-02,12:07:31,2025-06-02 12:07:31,OUT,DEV-001,Fingerprint,,Valid
1024,10144,"NAVARRO, EDGAR A.",2025-06-02,12:08:19,2025-06-02 12:08:19,OUT,DEV-001,Fingerprint,,Valid
1025,10111,"CRUZ, PATRICIA J.",2025-06-02,12:10:21,2025-06-02 12:10:21,OUT,DEV-001,RFID,,Valid
1026,10044,"MENDOZA, CARLO B.",2025-06-02,12:11:00,2025-06-02 12:11:00,OUT,DEV-001,Fingerprint,,Valid
1027,10066,"VILLANUEVA, MARK T.",2025-06-02,12:12:20,2025-06-02 12:12:20,OUT,DEV-001,Face,,Valid
1028,10011,"SANTOS, MARIA C.",2025-06-02,12:13:03,2025-06-02 12:13:03,OUT,DEV-001,Fingerprint,,Valid
1029,10055,"TORRES, LIZA M.",2025-06-02,12:13:26,2025-06-02 12:13:26,OUT,DEV-002,RFID,,Valid
1030,10022,"REYES, JOSE R.",2025-06-02,12:15:50,2025-06-02 12:15:50,OUT,DEV-002,Face,,Valid
1031,10111,"CRUZ, PATRICIA J.",2025-06-02,12:48:57,2025-06-02 12:48:57,IN,DEV-001,Fingerprint,DAY,Valid
1032,12345,"RELATIVO, XAVIER D.",2025-06-02,12:51:45,2025-06-02 12:51:45,IN,DEV-002,Fingerprint,DAY,Valid
1033,10144,"NAVARRO, EDGAR A.",2025-06-02,12:52:26,2025-06-02 12:52:26,IN,DEV-001,Fingerprint,DAY,Valid
1034,10022,"REYES, JOSE R.",2025-06-02,12:54:32,2025-06-02 12:54:32,IN,DEV-002,Face,DAY,Valid
1035,10133,"RAMOS, JESSA Q.",2025-06-02,12:56:42,2025-06-02 12:56:42,IN,DEV-003,Fingerprint,DAY,Valid
1036,10011,"SANTOS, MARIA C.",2025-06-02,12:57:16,2025-06-02 12:57:16,IN,DEV-003,Face,DAY,Valid
1037,10077,"CASTILLO, NINA F.",2025-06-02,13:00:44,2025-06-02 13:00:44,IN,DEV-002,Face,DAY,Valid
1038,10088,"FLORES, RODEL G.",2025-06-02,13:02:40,2025-06-02 13:02:40,IN,DEV-001,Face,DAY,Valid
1039,10044,"MENDOZA, CARLO B.",2025-06-02,13:03:37,2025-06-02 13:03:37,IN,DEV-003,Fingerprint,DAY,Valid
1040,10055,"TORRES, LIZA M.",2025-06-02,13:04:26,2025-06-02 13:04:26,IN,DEV-003,Fingerprint,DAY,Valid
1041,10122,"DOMINGO, ALLEN S.",2025-06-02,13:06:51,2025-06-02 13:06:51,IN,DEV-001,PIN,DAY,Valid
1042,10033,"GARCIA, ANNA L.",2025-06-02,13:07:31,2025-06-02 13:07:31,IN,DEV-001,Fingerprint,DAY,Valid
1043,10066,"VILLANUEVA, MARK T.",2025-06-02,13:07:40,2025-06-02 13:07:40,IN,DEV-001,Fingerprint,DAY,Valid
1044,10100,"AQUINO, DANILO P.",2025-06-02,13:11:14,2025-06-02 13:11:14,IN,DEV-001,Fingerprint,DAY,Valid
1045,10099,"BAUTISTA, CLAIRE V.",2025-06-02,13:14:59,2025-06-02 13:14:59,IN,DEV-002,Fingerprint,DAY,Valid
1046,10144,"NAVARRO, EDGAR A.",2025-06-02,15:48:45,2025-06-02 15:48:45,OUT,DEV-001,Fingerprint,,Valid
1047,12345,"RELATIVO, XAVIER D.",2025-06-02,15:58:28,2025-06-02 15:58:28,OUT,DEV-001,RFID,,Valid
1048,10077,"CASTILLO, NINA F.",2025-06-02,16:30:28,2025-06-02 16:30:28,OUT,DEV-002,RFID,,Valid
1049,10066,"VILLANUEVA, MARK T.",2025-06-02,17:02:20,2025-06-02 17:02:20,OUT,DEV-001,RFID,,Valid
1050,10022,"REYES, JOSE R.",2025-06-02,17:11:52,2025-06-02 17:11:52,OUT,DEV-003,Fingerprint,,Valid
1051,10099,"BAUTISTA, CLAIRE V.",2025-06-02,17:15:36,2025-06-02 17:15:36,OUT,DEV-002,Fingerprint,,Valid
1052,10088,"FLORES, RODEL G.",2025-06-02,17:16:27,2025-06-02 17:16:27,OUT,DEV-001,RFID,,Valid
1053,10044,"MENDOZA, CARLO B.",2025-06-02,17:19:28,2025-06-02 17:19:28,OUT,DEV-001,Fingerprint,,Valid
1054,10111,"CRUZ, PATRICIA J.",2025-06-02,17:27:57,2025-06-02 17:27:57,OUT,DEV-003,RFID,,Valid
1055,10122,"DOMINGO, ALLEN S.",2025-06-02,17:31:33,2025-06-02 17:31:33,OUT,DEV-001,Fingerprint,,Valid
1056,10100,"AQUINO, DANILO P.",2025-06-02,17:35:12,2025-06-02 17:35:12,OUT,DEV-003,Face,,Valid
1057,10011,"SANTOS, MARIA C.",2025-06-02,17:36:27,2025-06-02 17:36:27,OUT,DEV-002,Face,,Valid
1058,10033,"GARCIA, ANNA L.",2025-06-02,17:37:14,2025-06-02 17:37:14,OUT,DEV-001,Fingerprint,,Valid
1059,10133,"RAMOS, JESSA Q.",2025-06-02,17:50:40,2025-06-02 17:50:40,OUT,DEV-001,Face,,Valid
1060,10055,"TORRES, LIZA M.",2025-06-02,18:28:23,2025-06-02 18:28:23,OUT,DEV-001,Fingerprint,,Valid
1061,10011,"SANTOS, MARIA C.",2025-06-02,21:22:42,2025-06-02 21:22:42,OUT,DEV-002,Fingerprint,OT,Valid
1062,10122,"DOMINGO, ALLEN S.",2025-06-03,07:46:47,2025-06-03 07:46:47,IN,DEV-001,Face,DAY,Valid
1063,10066,"VILLANUEVA, MARK T.",2025-06-03,07:50:25,2025-06-03 07:50:25,IN,DEV-002,RFID,DAY,Valid
1064,10044,"MENDOZA, CARLO B.",2025-06-03,07:59:54,2025-06-03 07:59:54,IN,DEV-001,Face,DAY,Valid
1065,10055,"TORRES, LIZA M.",2025-06-03,08:02:12,2025-06-03 08:02:12,IN,DEV-003,PIN,DAY,Valid
1066,10111,"CRUZ, PATRICIA J.",2025-06-03,08:05:01,2025-06-03 08:05:01,IN,DEV-001,PIN,DAY,Valid
1067,10099,"BAUTISTA, CLAIRE V.",2025-06-03,08:07:59,2025-06-03 08:07:59,IN,DEV-001,Fingerprint,DAY,Valid
1068,10033,"GARCIA, ANNA L.",2025-06-03,08:14:17,2025-06-03 08:14:17,IN,DEV-001,Fingerprint,DAY,Valid
1069,10022,"REYES, JOSE R.",2025-06-03,08:14:26,2025-06-03 08:14:26,IN,DEV-001,RFID,DAY,Valid
1070,10144,"NAVARRO, EDGAR A.",2025-06-03,08:17:08,2025-06-03 08:17:08,IN,DEV-001,Face,DAY,Valid
1071,10011,"SANTOS, MARIA C.",2025-06-03,08:17:58,2025-06-03 08:17:58,IN,DEV-001,RFID,DAY,Valid
1072,10088,"FLORES, RODEL G.",2025-06-03,08:18:57,2025-06-03 08:18:57,IN,DEV-001,Fingerprint,DAY,Valid
1073,10133,"RAMOS, JESSA Q.",2025-06-03,08:28:28,2025-06-03 08:28:28,IN,DEV-002,Fingerprint,DAY,Valid
1074,12345,"RELATIVO, XAVIER D.",2025-06-03,08:42:24,2025-06-03 08:42:24,IN,DEV-002,Fingerprint,DAY,Valid
1075,10100,"AQUINO, DANILO P.",2025-06-03,08:43:38,2025-06-03 08:43:38,IN,DEV-001,PIN,DAY,Unverified
1076,10077,"CASTILLO, NINA F.",2025-06-03,09:01:19,2025-06-03 09:01:19,IN,DEV-001,Fingerprint,DAY,Valid
1077,10088,"FLORES, RODEL G.",2025-06-03,11:51:40,2025-06-03 11:51:40,OUT,DEV-003,Fingerprint,,Valid
1078,10066,"VILLANUEVA, MARK T.",2025-06-03,11:52:21,2025-06-03 11:52:21,OUT,DEV-002,Fingerprint,,Valid
1079,10099,"BAUTISTA, CLAIRE V.",2025-06-03,12:00:13,2025-06-03 12:00:13,OUT,DEV-001,Fingerprint,,Valid
1080,10122,"DOMINGO, ALLEN S.",2025-06-03,12:03:27,2025-06-03 12:03:27,OUT,DEV-001,Face,,Valid
1081,10144,"NAVARRO, EDGAR A.",2025-06-03,12:03:36,2025-06-03 12:03:36,OUT,DEV-001,Face,,Valid
1082,12345,"RELATIVO, XAVIER D.",2025-06-03,12:04:16,2025-06-03 12:04:16,OUT,DEV-002,Face,,Valid
1083,10100,"AQUINO, DANILO P.",2025-06-03,12:04:43,2025-06-03 12:04:43,OUT,DEV-002,Fingerprint,,Valid
1084,10077,"CASTILLO, NINA F.",2025-06-03,12:05:50,2025-06-03 12:05:50,OUT,DEV-002,Fingerprint,,Valid
1085,10022,"REYES, JOSE R.",2025-06-03,12:07:44,2025-06-03 12:07:44,OUT,DEV-001,Fingerprint,,Valid
1086,10033,"GARCIA, ANNA L.",2025-06-03,12:08:12,2025-06-03 12:08:12,OUT,DEV-001,Face,,Valid
1087,10044,"MENDOZA, CARLO B.",2025-06-03,12:08:30,2025-06-03 12:08:30,OUT,DEV-002,RFID,,Valid
1088,10111,"CRUZ, PATRICIA J.",2025-06-03,12:09:52,2025-06-03 12:09:52,OUT,DEV-002,Fingerprint,,Valid
1089,10133,"RAMOS, JESSA Q.",2025-06-03,12:11:07,2025-06-03 12:11:07,OUT,DEV-003,Fingerprint,,Valid
1090,10055,"TORRES, LIZA M.",2025-06-03,12:11:29,2025-06-03 12:11:29,OUT,DEV-001,Fingerprint,,Valid
1091,10011,"SANTOS, MARIA C.",2025-06-03,12:15:32,2025-06-03 12:15:32,OUT,DEV-001,Fingerprint,,Valid
1092,10111,"CRUZ, PATRICIA J.",2025-06-03,12:47:19,2025-06-03 12:47:19,IN,DEV-001,Fingerprint,DAY,Valid
1093,10144,"NAVARRO, EDGAR A.",2025-06-03,12:49:15,2025-06-03 12:49:15,IN,DEV-001,RFID,DAY,Valid
1094,10133,"RAMOS, JESSA Q.",2025-06-03,12:49:30,2025-06-03 12:49:30,IN,DEV-001,Fingerprint,DAY,Valid
1095,10022,"REYES, JOSE R.",2025-06-03,12:49:41,2025-06-03 12:49:41,IN,DEV-002,RFID,DAY,Valid
1096,10122,"DOMINGO, ALLEN S.",2025-06-03,12:51:17,2025-06-03 12:51:17,IN,DEV-002,RFID,DAY,Valid
1097,10044,"MENDOZA, CARLO B.",2025-06-03,12:57:42,2025-06-03 12:57:42,IN,DEV-002,Face,DAY,Valid
1098,12345,"RELATIVO, XAVIER D.",2025-06-03,13:02:07,2025-06-03 13:02:07,IN,DEV-003,Fingerprint,DAY,Valid
1099,10011,"SANTOS, MARIA C.",2025-06-03,13:04:04,2025-06-03 13:04:04,IN,DEV-002,Fingerprint,DAY,Valid
1100,10066,"VILLANUEVA, MARK T.",2025-06-03,13:05:07,2025-06-03 13:05:07,IN,DEV-001,Fingerprint,DAY,Valid
1101,10088,"FLORES, RODEL G.",2025-06-03,13:05:19,2025-06-03 13:05:19,IN,DEV-002,Fingerprint,DAY,Valid
1102,10055,"TORRES, LIZA M.",2025-06-03,13:05:38,2025-06-03 13:05:38,IN,DEV-003,Fingerprint,DAY,Valid
1103,10100,"AQUINO, DANILO P.",2025-06-03,13:08:02,2025-06-03 13:08:02,IN,DEV-001,Fingerprint,DAY,Valid
1104,10077,"CASTILLO, NINA F.",2025-06-03,13:11:57,2025-06-03 13:11:57,IN,DEV-001,Fingerprint,DAY,Valid
1105,10099,"BAUTISTA, CLAIRE V.",2025-06-03,13:14:35,2025-06-03 13:14:35,IN,DEV-002,Fingerprint,DAY,Valid
1106,10033,"GARCIA, ANNA L.",2025-06-03,13:15:48,2025-06-03 13:15:48,IN,DEV-002,Fingerprint,DAY,Valid
1107,10111,"CRUZ, PATRICIA J.",2025-06-03,16:19:43,2025-06-03 16:19:43,OUT,DEV-003,Fingerprint,,Valid
1108,10122,"DOMINGO, ALLEN S.",2025-06-03,17:08:36,2025-06-03 17:08:36,OUT,DEV-001,RFID,,Valid
1109,10133,"RAMOS, JESSA Q.",2025-06-03,17:13:06,2025-06-03 17:13:06,OUT,DEV-001,RFID,,Valid
1110,10022,"REYES, JOSE R.",2025-06-03,17:13:49,2025-06-03 17:13:49,OUT,DEV-001,Fingerprint,,Valid
1111,10011,"SANTOS, MARIA C.",2025-06-03,17:15:56,2025-06-03 17:15:56,OUT,DEV-001,Face,,Valid
1112,10044,"MENDOZA, CARLO B.",2025-06-03,17:19:31,2025-06-03 17:19:31,OUT,DEV-003,Fingerprint,,Valid
1113,10100,"AQUINO, DANILO P.",2025-06-03,17:27:48,2025-06-03 17:27:48,OUT,DEV-003,Fingerprint,,Valid
1114,10055,"TORRES, LIZA M.",2025-06-03,17:42:15,2025-06-03 17:42:15,OUT,DEV-003,Face,,Valid
1115,10066,"VILLANUEVA, MARK T.",2025-06-03,17:44:22,2025-06-03 17:44:22,OUT,DEV-002,RFID,,Valid
1116,10144,"NAVARRO, EDGAR A.",2025-06-03,17:50:44,2025-06-03 17:50:44,OUT,DEV-002,Fingerprint,,Valid
1117,10033,"GARCIA, ANNA L.",2025-06-03,18:01:17,2025-06-03 18:01:17,OUT,DEV-002,PIN,,Valid
1118,12345,"RELATIVO, XAVIER D.",2025-06-03,18:10:18,2025-06-03 18:10:18,OUT,DEV-002,Face,,Valid
1119,10099,"BAUTISTA, CLAIRE V.",2025-06-03,18:18:47,2025-06-03 18:18:47,OUT,DEV-001,Fingerprint,,Valid
1120,10077,"CASTILLO, NINA F.",2025-06-03,18:20:32,2025-06-03 18:20:32,OUT,DEV-001,Face,,Valid
1121,10088,"FLORES, RODEL G.",2025-06-03,18:22:10,2025-06-03 18:22:10,OUT,DEV-001,Face,,Valid
1122,10133,"RAMOS, JESSA Q.",2025-06-03,19:35:24,2025-06-03 19:35:24,OUT,DEV-002,Face,OT,Valid
1123,10022,"REYES, JOSE R.",2025-06-03,21:12:29,2025-06-03 21:12:29,OUT,DEV-001,Fingerprint,OT,Valid
1124,10133,"RAMOS, JESSA Q.",2025-06-04,07:00:19,2025-06-04 07:00:19,IN,DEV-003,Face,DAY,Duplicate
1125,10088,"FLORES, RODEL G.",2025-06-04,07:50:02,2025-06-04 07:50:02,IN,DEV-002,RFID,DAY,Valid
1126,10099,"BAUTISTA, CLAIRE V.",2025-06-04,07:53:00,2025-06-04 07:53:00,IN,DEV-003,PIN,DAY,Valid
1127,10044,"MENDOZA, CARLO B.",2025-06-04,07:54:26,2025-06-04 07:54:26,IN,DEV-003,RFID,DAY,Valid
1128,10066,"VILLANUEVA, MARK T.",2025-06-04,07:56:49,2025-06-04 07:56:49,IN,DEV-001,Face,DAY,Valid
1129,10133,"RAMOS, JESSA Q.",2025-06-04,07:58:40,2025-06-04 07:58:40,IN,DEV-003,Face,DAY,Valid
1130,12345,"RELATIVO, XAVIER D.",2025-06-04,07:59:55,2025-06-04 07:59:55,IN,DEV-001,Fingerprint,DAY,Valid
1131,10100,"AQUINO, DANILO P.",2025-06-04,08:05:15,2025-06-04 08:05:15,IN,DEV-001,Fingerprint,DAY,Valid
1132,10077,"CASTILLO, NINA F.",2025-06-04,08:08:04,2025-06-04 08:08:04,IN,DEV-001,PIN,DAY,Valid
1133,10111,"CRUZ, PATRICIA J.",2025-06-04,08:12:14,2025-06-04 08:12:14,IN,DEV-001,RFID,DAY,Valid
1134,10144,"NAVARRO, EDGAR A.",2025-06-04,08:13:29,2025-06-04 08:13:29,IN,DEV-001,Fingerprint,DAY,Valid
1135,10022,"REYES, JOSE R.",2025-06-04,08:13:39,2025-06-04 08:13:39,IN,DEV-003,RFID,DAY,Valid
1136,10033,"GARCIA, ANNA L.",2025-06-04,08:19:08,2025-06-04 08:19:08,IN,DEV-003,Fingerprint,DAY,Valid
1137,10055,"TORRES, LIZA M.",2025-06-04,08:23:00,2025-06-04 08:23:00,IN,DEV-003,Fingerprint,DAY,Valid
1138,10122,"DOMINGO, ALLEN S.",2025-06-04,08:23:24,2025-06-04 08:23:24,IN,DEV-001,Face,DAY,Valid
1139,10011,"SANTOS, MARIA C.",2025-06-04,09:11:15,2025-06-04 09:11:15,IN,DEV-001,Fingerprint,DAY,Valid
1140,10044,"MENDOZA, CARLO B.",2025-06-04,11:47:30,2025-06-04 11:47:30,OUT,DEV-002,Fingerprint,,Valid
1141,10055,"TORRES, LIZA M.",2025-06-04,11:49:34,2025-06-04 11:49:34,OUT,DEV-001,Fingerprint,,Valid
1142,10099,"BAUTISTA, CLAIRE V.",2025-06-04,11:50:26,2025-06-04 11:50:26,OUT,DEV-002,RFID,,Valid
1143,10088,"FLORES, RODEL G.",2025-06-04,11:53:41,2025-06-04 11:53:41,OUT,DEV-001,Face,,Valid
1144,10122,"DOMINGO, ALLEN S.",2025-06-04,11:56:22,2025-06-04 11:56:22,OUT,DEV-002,Face,,Valid
1145,10144,"NAVARRO, EDGAR A.",2025-06-04,11:56:49,2025-06-04 11:56:49,OUT,DEV-001,Fingerprint,,Valid
1146,10022,"REYES, JOSE R.",2025-06-04,11:58:53,2025-06-04 11:58:53,OUT,DEV-003,Fingerprint,,Valid
1147,10033,"GARCIA, ANNA L.",2025-06-04,12:02:18,2025-06-04 12:02:18,OUT,DEV-002,Fingerprint,,Valid
1148,10066,"VILLANUEVA, MARK T.",2025-06-04,12:03:48,2025-06-04 12:03:48,OUT,DEV-001,Face,,Valid
1149,10011,"SANTOS, MARIA C.",2025-06-04,12:05:19,2025-06-04 12:05:19,OUT,DEV-001,RFID,,Valid
1150,12345,"RELATIVO, XAVIER D.",2025-06-04,12:05:53,2025-06-04 12:05:53,OUT,DEV-001,Fingerprint,,Valid
1151,10133,"RAMOS, JESSA Q.",2025-06-04,12:06:28,2025-06-04 12:06:28,OUT,DEV-003,Fingerprint,,Valid
1152,10100,"AQUINO, DANILO P.",2025-06-04,12:06:33,2025-06-04 12:06:33,OUT,DEV-001,Fingerprint,,Valid
1153,10111,"CRUZ, PATRICIA J.",2025-06-04,12:09:39,2025-06-04 12:09:39,OUT,DEV-003,Fingerprint,,Valid
1154,10077,"CASTILLO, NINA F.",2025-06-04,12:10:32,2025-06-04 12:10:32,OUT,DEV-001,Fingerprint,,Valid
1155,10100,"AQUINO, DANILO P.",2025-06-04,12:46:35,2025-06-04 12:46:35,IN,DEV-003,RFID,DAY,Valid
1156,10133,"RAMOS, JESSA Q.",2025-06-04,12:48:08,2025-06-04 12:48:08,IN,DEV-002,Face,DAY,Valid
1157,10022,"REYES, JOSE R.",2025-06-04,12:50:47,2025-06-04 12:50:47,IN,DEV-003,Fingerprint,DAY,Valid
1158,12345,"RELATIVO, XAVIER D.",2025-06-04,12:51:42,2025-06-04 12:51:42,IN,DEV-001,RFID,DAY,Valid
1159,10144,"NAVARRO, EDGAR A.",2025-06-04,12:53:54,2025-06-04 12:53:54,IN,DEV-001,Fingerprint,DAY,Valid
1160,10077,"CASTILLO, NINA F.",2025-06-04,13:00:02,2025-06-04 13:00:02,IN,DEV-002,PIN,DAY,Valid
1161,10099,"BAUTISTA, CLAIRE V.",2025-06-04,13:00:30,2025-06-04 13:00:30,IN,DEV-002,Face,DAY,Valid
1162,10088,"FLORES, RODEL G.",2025-06-04,13:04:40,2025-06-04 13:04:40,IN,DEV-001,RFID,DAY,Valid
1163,10044,"MENDOZA, CARLO B.",2025-06-04,13:04:44,2025-06-04 13:04:44,IN,DEV-001,Fingerprint,DAY,Valid
1164,10055,"TORRES, LIZA M.",2025-06-04,13:06:55,2025-06-04 13:06:55,IN,DEV-001,Fingerprint,DAY,Valid
1165,10111,"CRUZ, PATRICIA J.",2025-06-04,13:09:20,2025-06-04 13:09:20,IN,DEV-001,Fingerprint,DAY,Valid
1166,10122,"DOMINGO, ALLEN S.",2025-06-04,13:11:43,2025-06-04 13:11:43,IN,DEV-002,Fingerprint,DAY,Valid
1167,10033,"GARCIA, ANNA L.",2025-06-04,13:12:48,2025-06-04 13:12:48,IN,DEV-001,RFID,DAY,Valid
1168,10066,"VILLANUEVA, MARK T.",2025-06-04,13:13:36,2025-06-04 13:13:36,IN,DEV-002,PIN,DAY,Valid
1169,10011,"SANTOS, MARIA C.",2025-06-04,13:14:04,2025-06-04 13:14:04,IN,DEV-001,Face,DAY,Valid
1170,10077,"CASTILLO, NINA F.",2025-06-04,16:02:47,2025-06-04 16:02:47,OUT,DEV-001,Face,,Valid
1171,10100,"AQUINO, DANILO P.",2025-06-04,17:22:40,2025-06-04 17:22:40,OUT,DEV-002,Face,,Valid
1172,10055,"TORRES, LIZA M.",2025-06-04,17:30:37,2025-06-04 17:30:37,OUT,DEV-001,Fingerprint,,Valid
1173,10022,"REYES, JOSE R.",2025-06-04,17:31:53,2025-06-04 17:31:53,OUT,DEV-002,Face,,Valid
1174,10099,"BAUTISTA, CLAIRE V.",2025-06-04,17:36:20,2025-06-04 17:36:20,OUT,DEV-001,Fingerprint,,Valid
1175,10066,"VILLANUEVA, MARK T.",2025-06-04,17:41:55,2025-06-04 17:41:55,OUT,DEV-003,Fingerprint,,Valid
1176,10044,"MENDOZA, CARLO B.",2025-06-04,17:42:54,2025-06-04 17:42:54,OUT,DEV-002,Fingerprint,,Valid
1177,10133,"RAMOS, JESSA Q.",2025-06-04,17:49:22,2025-06-04 17:49:22,OUT,DEV-003,Fingerprint,,Valid
1178,10111,"CRUZ, PATRICIA J.",2025-06-04,17:57:31,2025-06-04 17:57:31,OUT,DEV-001,Face,,Valid
1179,10088,"FLORES, RODEL G.",2025-06-04,18:09:18,2025-06-04 18:09:18,OUT,DEV-002,Fingerprint,,Valid
1180,10011,"SANTOS, MARIA C.",2025-06-04,18:12:06,2025-06-04 18:12:06,OUT,DEV-001,Fingerprint,,Valid
1181,10033,"GARCIA, ANNA L.",2025-06-04,18:13:18,2025-06-04 18:13:18,OUT,DEV-001,Fingerprint,,Valid
1182,10122,"DOMINGO, ALLEN S.",2025-06-04,18:18:37,2025-06-04 18:18:37,OUT,DEV-001,Fingerprint,,Valid
1183,12345,"RELATIVO, XAVIER D.",2025-06-04,18:22:04,2025-06-04 18:22:04,OUT,DEV-002,Fingerprint,,Valid
1184,10144,"NAVARRO, EDGAR A.",2025-06-04,18:27:19,2025-06-04 18:27:19,OUT,DEV-002,Face,,Valid
1185,12345,"RELATIVO, XAVIER D.",2025-06-04,20:02:10,2025-06-04 20:02:10,OUT,DEV-001,Fingerprint,OT,Valid
1186,10111,"CRUZ, PATRICIA J.",2025-06-05,07:49:05,2025-06-05 07:49:05,IN,DEV-001,Fingerprint,DAY,Valid
1187,12345,"RELATIVO, XAVIER D.",2025-06-05,08:05:25,2025-06-05 08:05:25,IN,DEV-001,Fingerprint,DAY,Valid
1188,10099,"BAUTISTA, CLAIRE V.",2025-06-05,08:11:56,2025-06-05 08:11:56,IN,DEV-003,RFID,DAY,Valid
1189,10088,"FLORES, RODEL G.",2025-06-05,08:14:13,2025-06-05 08:14:13,IN,DEV-001,Fingerprint,DAY,Valid
1190,10066,"VILLANUEVA, MARK T.",2025-06-05,08:14:28,2025-06-05 08:14:28,IN,DEV-001,Fingerprint,DAY,Valid
1191,10022,"REYES, JOSE R.",2025-06-05,08:19:05,2025-06-05 08:19:05,IN,DEV-001,Fingerprint,DAY,Valid
1192,10077,"CASTILLO, NINA F.",2025-06-05,08:19:21,2025-06-05 08:19:21,IN,DEV-001,RFID,DAY,Valid
1193,10033,"GARCIA, ANNA L.",2025-06-05,08:25:43,2025-06-05 08:25:43,IN,DEV-001,Fingerprint,DAY,Valid
1194,10044,"MENDOZA, CARLO B.",2025-06-05,08:28:58,2025-06-05 08:28:58,IN,DEV-001,Fingerprint,DAY,Valid
1195,10133,"RAMOS, JESSA Q.",2025-06-05,08:29:01,2025-06-05 08:29:01,IN,DEV-002,RFID,DAY,Valid
1196,10011,"SANTOS, MARIA C.",2025-06-05,08:30:19,2025-06-05 08:30:19,IN,DEV-003,Face,DAY,Valid
1197,10055,"TORRES, LIZA M.",2025-06-05,08:44:28,2025-06-05 08:44:28,IN,DEV-003,Fingerprint,DAY,Valid
1198,10144,"NAVARRO, EDGAR A.",2025-06-05,09:09:16,2025-06-05 09:09:16,IN,DEV-001,RFID,DAY,Valid
1199,10100,"AQUINO, DANILO P.",2025-06-05,09:09:24,2025-06-05 09:09:24,IN,DEV-001,Fingerprint,DAY,Valid
1200,10122,"DOMINGO, ALLEN S.",2025-06-05,09:20:27,2025-06-05 09:20:27,IN,DEV-002,Fingerprint,DAY,Valid
1201,10055,"TORRES, LIZA M.",2025-06-05,11:46:46,2025-06-05 11:46:46,OUT,DEV-002,RFID,,Valid
1202,10099,"BAUTISTA, CLAIRE V.",2025-06-05,11:46:53,2025-06-05 11:46:53,OUT,DEV-001,Fingerprint,,Valid
1203,10044,"MENDOZA, CARLO B.",2025-06-05,11:47:27,2025-06-05 11:47:27,OUT,DEV-003,Face,,Valid
1204,10100,"AQUINO, DANILO P.",2025-06-05,11:52:54,2025-06-05 11:52:54,OUT,DEV-001,RFID,,Valid
1205,10066,"VILLANUEVA, MARK T.",2025-06-05,11:54:04,2025-06-05 11:54:04,OUT,DEV-002,PIN,,Valid
1206,10133,"RAMOS, JESSA Q.",2025-06-05,11:54:13,2025-06-05 11:54:13,OUT,DEV-001,Fingerprint,,Valid
1207,10033,"GARCIA, ANNA L.",2025-06-05,12:03:19,2025-06-05 12:03:19,OUT,DEV-001,Fingerprint,,Valid
1208,10011,"SANTOS, MARIA C.",2025-06-05,12:05:33,2025-06-05 12:05:33,OUT,DEV-001,RFID,,Valid
1209,10022,"REYES, JOSE R.",2025-06-05,12:07:09,2025-06-05 12:07:09,OUT,DEV-002,Fingerprint,,Valid
1210,10122,"DOMINGO, ALLEN S.",2025-06-05,12:07:58,2025-06-05 12:07:58,OUT,DEV-002,PIN,,Valid
1211,10077,"CASTILLO, NINA F.",2025-06-05,12:09:43,2025-06-05 12:09:43,OUT,DEV-001,Face,,Valid
1212,10111,"CRUZ, PATRICIA J.",2025-06-05,12:10:40,2025-06-05 12:10:40,OUT,DEV-001,Fingerprint,,Valid
1213,10088,"FLORES, RODEL G.",2025-06-05,12:12:45,2025-06-05 12:12:45,OUT,DEV-001,PIN,,Valid
1214,10144,"NAVARRO, EDGAR A.",2025-06-05,12:15:25,2025-06-05 12:15:25,OUT,DEV-003,Face,,Valid
1215,12345,"RELATIVO, XAVIER D.",2025-06-05,12:15:36,2025-06-05 12:15:36,OUT,DEV-003,Fingerprint,,Valid
1216,10066,"VILLANUEVA, MARK T.",2025-06-05,12:47:39,2025-06-05 12:47:39,IN,DEV-001,Fingerprint,DAY,Valid
1217,10100,"AQUINO, DANILO P.",2025-06-05,12:49:51,2025-06-05 12:49:51,IN,DEV-001,Fingerprint,DAY,Valid
1218,10011,"SANTOS, MARIA C.",2025-06-05,12:54:59,2025-06-05 12:54:59,IN,DEV-002,RFID,DAY,Valid
1219,10111,"CRUZ, PATRICIA J.",2025-06-05,12:56:06,2025-06-05 12:56:06,IN,DEV-001,RFID,DAY,Valid
1220,10088,"FLORES, RODEL G.",2025-06-05,12:56:25,2025-06-05 12:56:25,IN,DEV-001,Fingerprint,DAY,Valid
1221,10022,"REYES, JOSE R.",2025-06-05,12:58:21,2025-06-05 12:58:21,IN,DEV-001,Fingerprint,DAY,Valid
1222,10055,"TORRES, LIZA M.",2025-06-05,13:01:19,2025-06-05 13:01:19,IN,DEV-001,PIN,DAY,Valid
1223,10122,"DOMINGO, ALLEN S.",2025-06-05,13:02:10,2025-06-05 13:02:10,IN,DEV-001,Fingerprint,DAY,Valid
1224,10144,"NAVARRO, EDGAR A.",2025-06-05,13:02:15,2025-06-05 13:02:15,IN,DEV-001,Fingerprint,DAY,Valid
1225,10033,"GARCIA, ANNA L.",2025-06-05,13:02:48,2025-06-05 13:02:48,IN,DEV-001,Face,DAY,Valid
1226,10077,"CASTILLO, NINA F.",2025-06-05,13:05:11,2025-06-05 13:05:11,IN,DEV-002,Fingerprint,DAY,Valid
1227,12345,"RELATIVO, XAVIER D.",2025-06-05,13:05:31,2025-06-05 13:05:31,IN,DEV-001,RFID,DAY,Valid
1228,10044,"MENDOZA, CARLO B.",2025-06-05,13:07:55,2025-06-05 13:07:55,IN,DEV-001,Fingerprint,DAY,Valid
1229,10133,"RAMOS, JESSA Q.",2025-06-05,13:08:25,2025-06-05 13:08:25,IN,DEV-001,Fingerprint,DAY,Valid
1230,10099,"BAUTISTA, CLAIRE V.",2025-06-05,13:14:47,2025-06-05 13:14:47,IN,DEV-003,RFID,DAY,Valid
1231,10033,"GARCIA, ANNA L.",2025-06-05,16:49:14,2025-06-05 16:49:14,OUT,DEV-002,Fingerprint,,Valid
1232,10099,"BAUTISTA, CLAIRE V.",2025-06-05,17:04:00,2025-06-05 17:04:00,OUT,DEV-001,Face,,Valid
1233,10055,"TORRES, LIZA M.",2025-06-05,17:07:30,2025-06-05 17:07:30,OUT,DEV-002,Fingerprint,,Valid
1234,10144,"NAVARRO, EDGAR A.",2025-06-05,17:17:07,2025-06-05 17:17:07,OUT,DEV-001,RFID,,Valid
1235,10011,"SANTOS, MARIA C.",2025-06-05,17:17:16,2025-06-05 17:17:16,OUT,DEV-001,Fingerprint,,Valid
1236,10022,"REYES, JOSE R.",2025-06-05,17:26:53,2025-06-05 17:26:53,OUT,DEV-001,RFID,,Valid
1237,10133,"RAMOS, JESSA Q.",2025-06-05,17:30:31,2025-06-05 17:30:31,OUT,DEV-001,Fingerprint,,Valid
1238,10044,"MENDOZA, CARLO B.",2025-06-05,17:38:57,2025-06-05 17:38:57,OUT,DEV-001,Fingerprint,,Valid
1239,10122,"DOMINGO, ALLEN S.",2025-06-05,17:40:53,2025-06-05 17:40:53,OUT,DEV-001,Fingerprint,,Valid
1240,10100,"AQUINO, DANILO P.",2025-06-05,17:52:26,2025-06-05 17:52:26,OUT,DEV-001,Fingerprint,,Valid
1241,10111,"CRUZ, PATRICIA J.",2025-06-05,17:56:23,2025-06-05 17:56:23,OUT,DEV-002,Fingerprint,,Valid
1242,10077,"CASTILLO, NINA F.",2025-06-05,17:58:02,2025-06-05 17:58:02,OUT,DEV-001,Fingerprint,,Valid
1243,12345,"RELATIVO, XAVIER D.",2025-06-05,17:58:09,2025-06-05 17:58:09,OUT,DEV-001,Fingerprint,,Valid
1244,10088,"FLORES, RODEL G.",2025-06-05,18:11:06,2025-06-05 18:11:06,OUT,DEV-001,Fingerprint,,Valid
1245,10066,"VILLANUEVA, MARK T.",2025-06-05,18:14:35,2025-06-05 18:14:35,OUT,DEV-003,Face,,Valid
1246,10033,"GARCIA, ANNA L.",2025-06-06,07:51:48,2025-06-06 07:51:48,IN,DEV-001,Fingerprint,DAY,Valid
1247,10088,"FLORES, RODEL G.",2025-06-06,07:55:52,2025-06-06 07:55:52,IN,DEV-001,Fingerprint,DAY,Valid
1248,10100,"AQUINO, DANILO P.",2025-06-06,07:57:03,2025-06-06 07:57:03,IN,DEV-002,Fingerprint,DAY,Valid
1249,10144,"NAVARRO, EDGAR A.",2025-06-06,08:01:58,2025-06-06 08:01:58,IN,DEV-001,RFID,DAY,Valid
1250,10022,"REYES, JOSE R.",2025-06-06,08:09:54,2025-06-06 08:09:54,IN,DEV-003,PIN,DAY,Unverified
1251,10011,"SANTOS, MARIA C.",2025-06-06,08:16:16,2025-06-06 08:16:16,IN,DEV-002,RFID,DAY,Valid
1252,10099,"BAUTISTA, CLAIRE V.",2025-06-06,08:17:29,2025-06-06 08:17:29,IN,DEV-002,Fingerprint,DAY,Valid
1253,12345,"RELATIVO, XAVIER D.",2025-06-06,08:17:31,2025-06-06 08:17:31,IN,DEV-001,Fingerprint,DAY,Valid
1254,10133,"RAMOS, JESSA Q.",2025-06-06,08:21:26,2025-06-06 08:21:26,IN,DEV-002,Fingerprint,DAY,Valid
1255,10077,"CASTILLO, NINA F.",2025-06-06,08:26:12,2025-06-06 08:26:12,IN,DEV-003,Fingerprint,DAY,Valid
1256,10122,"DOMINGO, ALLEN S.",2025-06-06,08:28:31,2025-06-06 08:28:31,IN,DEV-002,Fingerprint,DAY,Valid
1257,10044,"MENDOZA, CARLO B.",2025-06-06,08:53:05,2025-06-06 08:53:05,IN,DEV-001,Face,DAY,Valid
1258,10111,"CRUZ, PATRICIA J.",2025-06-06,09:12:55,2025-06-06 09:12:55,IN,DEV-001,Fingerprint,DAY,Valid
1259,10066,"VILLANUEVA, MARK T.",2025-06-06,09:28:06,2025-06-06 09:28:06,IN,DEV-002,RFID,DAY,Valid
1260,10055,"TORRES, LIZA M.",2025-06-06,09:45:35,2025-06-06 09:45:35,IN,DEV-001,Face,DAY,Valid
1261,10077,"CASTILLO, NINA F.",2025-06-06,11:46:55,2025-06-06 11:46:55,OUT,DEV-002,Fingerprint,,Valid
1262,10144,"NAVARRO, EDGAR A.",2025-06-06,11:47:12,2025-06-06 11:47:12,OUT,DEV-003,Fingerprint,,Valid
1263,10011,"SANTOS, MARIA C.",2025-06-06,11:47:40,2025-06-06 11:47:40,OUT,DEV-001,Fingerprint,,Valid
1264,12345,"RELATIVO, XAVIER D.",2025-06-06,11:48:09,2025-06-06 11:48:09,OUT,DEV-002,Face,,Valid
1265,10099,"BAUTISTA, CLAIRE V.",2025-06-06,11:55:10,2025-06-06 11:55:10,OUT,DEV-002,Face,,Valid
1266,10088,"FLORES, RODEL G.",2025-06-06,11:55:12,2025-06-06 11:55:12,OUT,DEV-002,Fingerprint,,Valid
1267,10111,"CRUZ, PATRICIA J.",2025-06-06,11:57:49,2025-06-06 11:57:49,OUT,DEV-001,RFID,,Valid
1268,10122,"DOMINGO, ALLEN S.",2025-06-06,12:00:10,2025-06-06 12:00:10,OUT,DEV-001,Fingerprint,,Valid
1269,10100,"AQUINO, DANILO P.",2025-06-06,12:04:02,2025-06-06 12:04:02,OUT,DEV-003,Fingerprint,,Valid
1270,10055,"TORRES, LIZA M.",2025-06-06,12:04:33,2025-06-06 12:04:33,OUT,DEV-001,Fingerprint,,Valid
1271,10033,"GARCIA, ANNA L.",2025-06-06,12:06:05,2025-06-06 12:06:05,OUT,DEV-001,Fingerprint,,Valid
1272,10044,"MENDOZA, CARLO B.",2025-06-06,12:06:15,2025-06-06 12:06:15,OUT,DEV-001,Face,,Valid
1273,10066,"VILLANUEVA, MARK T.",2025-06-06,12:07:05,2025-06-06 12:07:05,OUT,DEV-001,Fingerprint,,Valid
1274,10133,"RAMOS, JESSA Q.",2025-06-06,12:09:30,2025-06-06 12:09:30,OUT,DEV-003,Face,,Valid
1275,10022,"REYES, JOSE R.",2025-06-06,12:11:26,2025-06-06 12:11:26,OUT,DEV-001,Face,,Valid
1276,10011,"SANTOS, MARIA C.",2025-06-06,12:45:21,2025-06-06 12:45:21,IN,DEV-002,Face,DAY,Valid
1277,10133,"RAMOS, JESSA Q.",2025-06-06,12:45:37,2025-06-06 12:45:37,IN,DEV-001,Fingerprint,DAY,Valid
1278,10033,"GARCIA, ANNA L.",2025-06-06,12:47:10,2025-06-06 12:47:10,IN,DEV-001,Fingerprint,DAY,Valid
1279,10144,"NAVARRO, EDGAR A.",2025-06-06,12:49:05,2025-06-06 12:49:05,IN,DEV-003,RFID,DAY,Valid
1280,10044,"MENDOZA, CARLO B.",2025-06-06,12:52:29,2025-06-06 12:52:29,IN,DEV-002,Fingerprint,DAY,Valid
1281,10066,"VILLANUEVA, MARK T.",2025-06-06,12:52:45,2025-06-06 12:52:45,IN,DEV-001,Fingerprint,DAY,Valid
1282,10055,"TORRES, LIZA M.",2025-06-06,12:58:06,2025-06-06 12:58:06,IN,DEV-002,Fingerprint,DAY,Valid
1283,12345,"RELATIVO, XAVIER D.",2025-06-06,12:58:38,2025-06-06 12:58:38,IN,DEV-001,Fingerprint,DAY,Valid
1284,10088,"FLORES, RODEL G.",2025-06-06,13:01:29,2025-06-06 13:01:29,IN,DEV-001,Fingerprint,DAY,Valid
1285,10099,"BAUTISTA, CLAIRE V.",2025-06-06,13:07:11,2025-06-06 13:07:11,IN,DEV-001,Fingerprint,DAY,Valid
1286,10122,"DOMINGO, ALLEN S.",2025-06-06,13:09:14,2025-06-06 13:09:14,IN,DEV-001,Fingerprint,DAY,Valid
1287,10100,"AQUINO, DANILO P.",2025-06-06,13:09:37,2025-06-06 13:09:37,IN,DEV-002,Face,DAY,Valid
1288,10077,"CASTILLO, NINA F.",2025-06-06,13:10:23,2025-06-06 13:10:23,IN,DEV-001,Fingerprint,DAY,Valid
1289,10022,"REYES, JOSE R.",2025-06-06,13:10:38,2025-06-06 13:10:38,IN,DEV-003,Fingerprint,DAY,Valid
1290,10111,"CRUZ, PATRICIA J.",2025-06-06,13:13:15,2025-06-06 13:13:15,IN,DEV-001,Fingerprint,DAY,Valid
1291,10133,"RAMOS, JESSA Q.",2025-06-06,15:35:59,2025-06-06 15:35:59,OUT,DEV-001,Face,,Valid
1292,10077,"CASTILLO, NINA F.",2025-06-06,16:26:57,2025-06-06 16:26:57,OUT,DEV-003,Fingerprint,,Valid
1293,10122,"DOMINGO, ALLEN S.",2025-06-06,16:38:18,2025-06-06 16:38:18,OUT,DEV-001,Fingerprint,,Valid
1294,10088,"FLORES, RODEL G.",2025-06-06,17:02:05,2025-06-06 17:02:05,OUT,DEV-003,Fingerprint,,Valid
1295,10011,"SANTOS, MARIA C.",2025-06-06,17:33:10,2025-06-06 17:33:10,OUT,DEV-002,Face,,Valid
1296,10022,"REYES, JOSE R.",2025-06-06,17:34:27,2025-06-06 17:34:27,OUT,DEV-001,Fingerprint,,Valid
1297,10099,"BAUTISTA, CLAIRE V.",2025-06-06,17:37:36,2025-06-06 17:37:36,OUT,DEV-002,Fingerprint,,Valid
1298,10144,"NAVARRO, EDGAR A.",2025-06-06,17:42:07,2025-06-06 17:42:07,OUT,DEV-001,Fingerprint,,Valid
1299,10111,"CRUZ, PATRICIA J.",2025-06-06,17:48:10,2025-06-06 17:48:10,OUT,DEV-001,Fingerprint,,Valid
1300,12345,"RELATIVO, XAVIER D.",2025-06-06,17:59:33,2025-06-06 17:59:33,OUT,DEV-001,Face,,Valid
1301,10100,"AQUINO, DANILO P.",2025-06-06,18:01:13,2025-06-06 18:01:13,OUT,DEV-003,Fingerprint,,Valid
1302,10066,"VILLANUEVA, MARK T.",2025-06-06,18:06:39,2025-06-06 18:06:39,OUT,DEV-001,Fingerprint,,Valid
1303,10033,"GARCIA, ANNA L.",2025-06-06,18:16:30,2025-06-06 18:16:30,OUT,DEV-001,Fingerprint,,Valid
1304,10055,"TORRES, LIZA M.",2025-06-06,18:23:41,2025-06-06 18:23:41,OUT,DEV-003,Face,,Valid
1305,10044,"MENDOZA, CARLO B.",2025-06-06,18:25:00,2025-06-06 18:25:00,OUT,DEV-003,Fingerprint,,Valid
1306,10133,"RAMOS, JESSA Q.",2025-06-06,21:09:18,2025-06-06 21:09:18,OUT,DEV-002,Fingerprint,OT,Valid
1307,10066,"VILLANUEVA, MARK T.",2025-06-09,07:51:35,2025-06-09 07:51:35,IN,DEV-001,Face,DAY,Valid
1308,10099,"BAUTISTA, CLAIRE V.",2025-06-09,07:53:30,2025-06-09 07:53:30,IN,DEV-001,Fingerprint,DAY,Valid
1309,10144,"NAVARRO, EDGAR A.",2025-06-09,07:58:58,2025-06-09 07:58:58,IN,DEV-001,Fingerprint,DAY,Valid
1310,10100,"AQUINO, DANILO P.",2025-06-09,08:00:44,2025-06-09 08:00:44,IN,DEV-001,Face,DAY,Valid
1311,10111,"CRUZ, PATRICIA J.",2025-06-09,08:00:46,2025-06-09 08:00:46,IN,DEV-001,Face,DAY,Valid
1312,12345,"RELATIVO, XAVIER D.",2025-06-09,08:03:27,2025-06-09 08:03:27,IN,DEV-001,Fingerprint,DAY,Valid
1313,10055,"TORRES, LIZA M.",2025-06-09,08:05:27,2025-06-09 08:05:27,IN,DEV-001,Fingerprint,DAY,Valid
1314,10122,"DOMINGO, ALLEN S.",2025-06-09,08:08:34,2025-06-09 08:08:34,IN,DEV-001,RFID,DAY,Valid
1315,10022,"REYES, JOSE R.",2025-06-09,08:10:37,2025-06-09 08:10:37,IN,DEV-001,Face,DAY,Valid
1316,10077,"CASTILLO, NINA F.",2025-06-09,08:12:38,2025-06-09 08:12:38,IN,DEV-001,PIN,DAY,Valid
1317,10088,"FLORES, RODEL G.",2025-06-09,08:15:18,2025-06-09 08:15:18,IN,DEV-002,Fingerprint,DAY,Valid
1318,10133,"RAMOS, JESSA Q.",2025-06-09,08:17:58,2025-06-09 08:17:58,IN,DEV-002,Fingerprint,DAY,Valid
1319,10011,"SANTOS, MARIA C.",2025-06-09,08:22:35,2025-06-09 08:22:35,IN,DEV-001,Fingerprint,DAY,Valid
1320,10033,"GARCIA, ANNA L.",2025-06-09,08:27:51,2025-06-09 08:27:51,IN,DEV-001,RFID,DAY,Valid
1321,10044,"MENDOZA, CARLO B.",2025-06-09,08:29:16,2025-06-09 08:29:16,IN,DEV-001,Fingerprint,DAY,Valid
1322,10111,"CRUZ, PATRICIA J.",2025-06-09,11:51:29,2025-06-09 11:51:29,OUT,DEV-001,Fingerprint,,Valid
1323,10099,"BAUTISTA, CLAIRE V.",2025-06-09,11:53:24,2025-06-09 11:53:24,OUT,DEV-001,Face,,Valid
1324,10077,"CASTILLO, NINA F.",2025-06-09,11:54:20,2025-06-09 11:54:20,OUT,DEV-001,Fingerprint,,Valid
1325,10011,"SANTOS, MARIA C.",2025-06-09,11:54:23,2025-06-09 11:54:23,OUT,DEV-003,Face,,Valid
1326,10044,"MENDOZA, CARLO B.",2025-06-09,11:57:54,2025-06-09 11:57:54,OUT,DEV-001,Fingerprint,,Valid
1327,10088,"FLORES, RODEL G.",2025-06-09,11:58:08,2025-06-09 11:58:08,OUT,DEV-003,Face,,Valid
1328,10033,"GARCIA, ANNA L.",2025-06-09,12:02:14,2025-06-09 12:02:14,OUT,DEV-002,RFID,,Valid
1329,10133,"RAMOS, JESSA Q.",2025-06-09,12:02:20,2025-06-09 12:02:20,OUT,DEV-001,Face,,Valid
1330,10022,"REYES, JOSE R.",2025-06-09,12:05:27,2025-06-09 12:05:27,OUT,DEV-001,Fingerprint,,Valid
1331,10122,"DOMINGO, ALLEN S.",2025-06-09,12:08:28,2025-06-09 12:08:28,OUT,DEV-001,PIN,,Valid
1332,10066,"VILLANUEVA, MARK T.",2025-06-09,12:08:54,2025-06-09 12:08:54,OUT,DEV-002,RFID,,Valid
1333,12345,"RELATIVO, XAVIER D.",2025-06-09,12:08:56,2025-06-09 12:08:56,OUT,DEV-002,PIN,,Valid
1334,10144,"NAVARRO, EDGAR A.",2025-06-09,12:13:09,2025-06-09 12:13:09,OUT,DEV-001,Face,,Valid
1335,10100,"AQUINO, DANILO P.",2025-06-09,12:14:15,2025-06-09 12:14:15,OUT,DEV-001,Face,,Valid
1336,10055,"TORRES, LIZA M.",2025-06-09,12:15:09,2025-06-09 12:15:09,OUT,DEV-002,Fingerprint,,Valid
1337,10022,"REYES, JOSE R.",2025-06-09,12:46:16,2025-06-09 12:46:16,IN,DEV-001,Fingerprint,DAY,Valid
1338,10055,"TORRES, LIZA M.",2025-06-09,12:47:53,2025-06-09 12:47:53,IN,DEV-001,Fingerprint,DAY,Valid
1339,10122,"DOMINGO, ALLEN S.",2025-06-09,12:48:47,2025-06-09 12:48:47,IN,DEV-002,Face,DAY,Valid
1340,10144,"NAVARRO, EDGAR A.",2025-06-09,12:52:41,2025-06-09 12:52:41,IN,DEV-001,Fingerprint,DAY,Valid
1341,10077,"CASTILLO, NINA F.",2025-06-09,12:54:19,2025-06-09 12:54:19,IN,DEV-001,Face,DAY,Valid
1342,10100,"AQUINO, DANILO P.",2025-06-09,12:57:29,2025-06-09 12:57:29,IN,DEV-001,Fingerprint,DAY,Valid
1343,10044,"MENDOZA, CARLO B.",2025-06-09,13:03:22,2025-06-09 13:03:22,IN,DEV-001,PIN,DAY,Valid
1344,12345,"RELATIVO, XAVIER D.",2025-06-09,13:09:11,2025-06-09 13:09:11,IN,DEV-001,Fingerprint,DAY,Valid
1345,10088,"FLORES, RODEL G.",2025-06-09,13:09:25,2025-06-09 13:09:25,IN,DEV-001,Fingerprint,DAY,Valid
1346,10033,"GARCIA, ANNA L.",2025-06-09,13:11:09,2025-06-09 13:11:09,IN,DEV-001,Fingerprint,DAY,Valid
1347,10133,"RAMOS, JESSA Q.",2025-06-09,13:11:41,2025-06-09 13:11:41,IN,DEV-002,Fingerprint,DAY,Valid
1348,10011,"SANTOS, MARIA C.",2025-06-09,13:12:02,2025-06-09 13:12:02,IN,DEV-003,Fingerprint,DAY,Valid
1349,10066,"VILLANUEVA, MARK T.",2025-06-09,13:12:09,2025-06-09 13:12:09,IN,DEV-001,Face,DAY,Valid
1350,10099,"BAUTISTA, CLAIRE V.",2025-06-09,13:15:21,2025-06-09 13:15:21,IN,DEV-001,Face,DAY,Valid
1351,10111,"CRUZ, PATRICIA J.",2025-06-09,13:15:25,2025-06-09 13:15:25,IN,DEV-001,Face,DAY,Valid
1352,10011,"SANTOS, MARIA C.",2025-06-09,16:01:42,2025-06-09 16:01:42,OUT,DEV-001,Face,,Valid
1353,10100,"AQUINO, DANILO P.",2025-06-09,16:03:23,2025-06-09 16:03:23,OUT,DEV-001,Fingerprint,,Valid
1354,10111,"CRUZ, PATRICIA J.",2025-06-09,16:12:28,2025-06-09 16:12:28,OUT,DEV-001,RFID,,Valid
1355,10099,"BAUTISTA, CLAIRE V.",2025-06-09,17:01:16,2025-06-09 17:01:16,OUT,DEV-002,Face,,Valid
1356,10066,"VILLANUEVA, MARK T.",2025-06-09,17:18:58,2025-06-09 17:18:58,OUT,DEV-001,PIN,,Valid
1357,10077,"CASTILLO, NINA F.",2025-06-09,17:21:44,2025-06-09 17:21:44,OUT,DEV-001,Fingerprint,,Valid
1358,10044,"MENDOZA, CARLO B.",2025-06-09,17:37:01,2025-06-09 17:37:01,OUT,DEV-003,Face,,Valid
1359,10122,"DOMINGO, ALLEN S.",2025-06-09,17:38:55,2025-06-09 17:38:55,OUT,DEV-003,Fingerprint,,Valid
1360,10033,"GARCIA, ANNA L.",2025-06-09,17:39:38,2025-06-09 17:39:38,OUT,DEV-002,Face,,Valid
1361,10022,"REYES, JOSE R.",2025-06-09,17:41:21,2025-06-09 17:41:21,OUT,DEV-002,Fingerprint,,Valid
1362,10055,"TORRES, LIZA M.",2025-06-09,17:47:51,2025-06-09 17:47:51,OUT,DEV-001,Fingerprint,,Valid
1363,10144,"NAVARRO, EDGAR A.",2025-06-09,18:10:30,2025-06-09 18:10:30,OUT,DEV-001,Fingerprint,,Valid
1364,10088,"FLORES, RODEL G.",2025-06-09,18:12:35,2025-06-09 18:12:35,OUT,DEV-001,Face,,Valid
1365,12345,"RELATIVO, XAVIER D.",2025-06-09,18:20:19,2025-06-09 18:20:19,OUT,DEV-002,Fingerprint,,Valid
1366,10133,"RAMOS, JESSA Q.",2025-06-09,18:29:27,2025-06-09 18:29:27,OUT,DEV-002,RFID,,Valid
1367,10055,"TORRES, LIZA M.",2025-06-10,07:48:18,2025-06-10 07:48:18,IN,DEV-001,Face,DAY,Valid
1368,10033,"GARCIA, ANNA L.",2025-06-10,07:50:38,2025-06-10 07:50:38,IN,DEV-001,Fingerprint,DAY,Valid
1369,10066,"VILLANUEVA, MARK T.",2025-06-10,07:53:42,2025-06-10 07:53:42,IN,DEV-003,Face,DAY,Valid
1370,10011,"SANTOS, MARIA C.",2025-06-10,07:56:56,2025-06-10 07:56:56,IN,DEV-001,Fingerprint,DAY,Valid
1371,10044,"MENDOZA, CARLO B.",2025-06-10,08:03:49,2025-06-10 08:03:49,IN,DEV-002,Face,DAY,Valid
1372,10022,"REYES, JOSE R.",2025-06-10,08:07:14,2025-06-10 08:07:14,IN,DEV-002,Face,DAY,Valid
1373,10022,"REYES, JOSE R.",2025-06-10,08:08:55,2025-06-10 08:08:55,IN,DEV-002,Face,DAY,Duplicate
1374,10144,"NAVARRO, EDGAR A.",2025-06-10,08:09:50,2025-06-10 08:09:50,IN,DEV-001,Face,DAY,Valid
1375,10111,"CRUZ, PATRICIA J.",2025-06-10,08:10:20,2025-06-10 08:10:20,IN,DEV-002,Fingerprint,DAY,Valid
1376,12345,"RELATIVO, XAVIER D.",2025-06-10,08:16:01,2025-06-10 08:16:01,IN,DEV-001,Fingerprint,DAY,Valid
1377,10122,"DOMINGO, ALLEN S.",2025-06-10,08:22:44,2025-06-10 08:22:44,IN,DEV-002,Fingerprint,DAY,Valid
1378,10077,"CASTILLO, NINA F.",2025-06-10,08:27:40,2025-06-10 08:27:40,IN,DEV-001,Fingerprint,DAY,Valid
1379,10088,"FLORES, RODEL G.",2025-06-10,08:43:25,2025-06-10 08:43:25,IN,DEV-003,Fingerprint,DAY,Valid
1380,10133,"RAMOS, JESSA Q.",2025-06-10,08:53:07,2025-06-10 08:53:07,IN,DEV-001,Fingerprint,DAY,Valid
1381,10099,"BAUTISTA, CLAIRE V.",2025-06-10,09:10:44,2025-06-10 09:10:44,IN,DEV-003,Fingerprint,DAY,Valid
1382,10100,"AQUINO, DANILO P.",2025-06-10,09:43:55,2025-06-10 09:43:55,IN,DEV-001,Fingerprint,DAY,Valid
1383,10133,"RAMOS, JESSA Q.",2025-06-10,11:45:10,2025-06-10 11:45:10,OUT,DEV-001,Fingerprint,,Valid
1384,10022,"REYES, JOSE R.",2025-06-10,11:46:48,2025-06-10 11:46:48,OUT,DEV-001,Fingerprint,,Valid
1385,10100,"AQUINO, DANILO P.",2025-06-10,11:53:35,2025-06-10 11:53:35,OUT,DEV-003,Face,,Valid
1386,10099,"BAUTISTA, CLAIRE V.",2025-06-10,11:54:23,2025-06-10 11:54:23,OUT,DEV-002,Fingerprint,,Valid
1387,10033,"GARCIA, ANNA L.",2025-06-10,11:55:38,2025-06-10 11:55:38,OUT,DEV-001,Fingerprint,,Valid
1388,10044,"MENDOZA, CARLO B.",2025-06-10,11:56:14,2025-06-10 11:56:14,OUT,DEV-002,Face,,Valid
1389,10111,"CRUZ, PATRICIA J.",2025-06-10,12:00:36,2025-06-10 12:00:36,OUT,DEV-002,Fingerprint,,Valid
1390,10088,"FLORES, RODEL G.",2025-06-10,12:02:23,2025-06-10 12:02:23,OUT,DEV-002,Fingerprint,,Valid
1391,10055,"TORRES, LIZA M.",2025-06-10,12:03:32,2025-06-10 12:03:32,OUT,DEV-001,Face,,Valid
1392,10122,"DOMINGO, ALLEN S.",2025-06-10,12:05:27,2025-06-10 12:05:27,OUT,DEV-001,Fingerprint,,Valid
1393,10066,"VILLANUEVA, MARK T.",2025-06-10,12:06:58,2025-06-10 12:06:58,OUT,DEV-001,Face,,Valid
1394,10077,"CASTILLO, NINA F.",2025-06-10,12:08:43,2025-06-10 12:08:43,OUT,DEV-001,Fingerprint,,Valid
1395,10144,"NAVARRO, EDGAR A.",2025-06-10,12:10:31,2025-06-10 12:10:31,OUT,DEV-001,Face,,Valid
1396,12345,"RELATIVO, XAVIER D.",2025-06-10,12:11:51,2025-06-10 12:11:51,OUT,DEV-001,Fingerprint,,Valid
1397,10011,"SANTOS, MARIA C.",2025-06-10,12:14:21,2025-06-10 12:14:21,OUT,DEV-002,Fingerprint,,Valid
1398,10099,"BAUTISTA, CLAIRE V.",2025-06-10,12:49:30,2025-06-10 12:49:30,IN,DEV-001,Face,DAY,Valid
1399,10122,"DOMINGO, ALLEN S.",2025-06-10,12:51:52,2025-06-10 12:51:52,IN,DEV-001,Fingerprint,DAY,Valid
1400,10055,"TORRES, LIZA M.",2025-06-10,12:52:54,2025-06-10 12:52:54,IN,DEV-001,RFID,DAY,Valid
1401,10111,"CRUZ, PATRICIA J.",2025-06-10,12:53:52,2025-06-10 12:53:52,IN,DEV-002,Fingerprint,DAY,Valid
1402,10144,"NAVARRO, EDGAR A.",2025-06-10,12:55:24,2025-06-10 12:55:24,IN,DEV-001,Fingerprint,DAY,Valid
1403,10100,"AQUINO, DANILO P.",2025-06-10,12:58:18,2025-06-10 12:58:18,IN,DEV-001,Fingerprint,DAY,Valid
1404,10066,"VILLANUEVA, MARK T.",2025-06-10,12:58:32,2025-06-10 12:58:32,IN,DEV-001,Fingerprint,DAY,Valid
1405,10088,"FLORES, RODEL G.",2025-06-10,13:01:25,2025-06-10 13:01:25,IN,DEV-001,Fingerprint,DAY,Valid
1406,10133,"RAMOS, JESSA Q.",2025-06-10,13:01:50,2025-06-10 13:01:50,IN,DEV-002,Fingerprint,DAY,Valid
1407,10044,"MENDOZA, CARLO B.",2025-06-10,13:06:48,2025-06-10 13:06:48,IN,DEV-002,Face,DAY,Valid
1408,10011,"SANTOS, MARIA C.",2025-06-10,13:06:55,2025-06-10 13:06:55,IN,DEV-002,Fingerprint,DAY,Valid
1409,10022,"REYES, JOSE R.",2025-06-10,13:11:01,2025-06-10 13:11:01,IN,DEV-002,Fingerprint,DAY,Valid
1410,10077,"CASTILLO, NINA F.",2025-06-10,13:12:38,2025-06-10 13:12:38,IN,DEV-002,Fingerprint,DAY,Valid
1411,12345,"RELATIVO, XAVIER D.",2025-06-10,13:13:36,2025-06-10 13:13:36,IN,DEV-003,Fingerprint,DAY,Valid
1412,10033,"GARCIA, ANNA L.",2025-06-10,13:15:43,2025-06-10 13:15:43,IN,DEV-002,Face,DAY,Valid
1413,10033,"GARCIA, ANNA L.",2025-06-10,17:02:48,2025-06-10 17:02:48,OUT,DEV-002,Fingerprint,,Valid
1414,10077,"CASTILLO, NINA F.",2025-06-10,17:16:04,2025-06-10 17:16:04,OUT,DEV-001,Face,,Valid
1415,10044,"MENDOZA, CARLO B.",2025-06-10,17:17:40,2025-06-10 17:17:40,OUT,DEV-001,Face,,Valid
1416,10088,"FLORES, RODEL G.",2025-06-10,17:17:45,2025-06-10 17:17:45,OUT,DEV-001,Fingerprint,,Valid
1417,10011,"SANTOS, MARIA C.",2025-06-10,17:20:50,2025-06-10 17:20:50,OUT,DEV-002,Fingerprint,,Valid
1418,10066,"VILLANUEVA, MARK T.",2025-06-10,17:23:13,2025-06-10 17:23:13,OUT,DEV-001,Face,,Valid
1419,10122,"DOMINGO, ALLEN S.",2025-06-10,17:44:34,2025-06-10 17:44:34,OUT,DEV-001,Fingerprint,,Valid
1420,10055,"TORRES, LIZA M.",2025-06-10,17:47:07,2025-06-10 17:47:07,OUT,DEV-002,Face,,Valid
1421,10133,"RAMOS, JESSA Q.",2025-06-10,17:47:08,2025-06-10 17:47:08,OUT,DEV-002,RFID,,Valid
1422,10100,"AQUINO, DANILO P.",2025-06-10,17:48:36,2025-06-10 17:48:36,OUT,DEV-002,Fingerprint,,Valid
1423,10022,"REYES, JOSE R.",2025-06-10,18:00:42,2025-06-10 18:00:42,OUT,DEV-001,RFID,,Valid
1424,12345,"RELATIVO, XAVIER D.",2025-06-10,18:02:52,2025-06-10 18:02:52,OUT,DEV-001,Face,,Valid
1425,10111,"CRUZ, PATRICIA J.",2025-06-10,18:12:12,2025-06-10 18:12:12,OUT,DEV-001,Fingerprint,,Valid
1426,10144,"NAVARRO, EDGAR A.",2025-06-10,18:16:14,2025-06-10 18:16:14,OUT,DEV-001,RFID,,Valid
1427,10099,"BAUTISTA, CLAIRE V.",2025-06-10,18:17:23,2025-06-10 18:17:23,OUT,DEV-001,Fingerprint,,Valid
1428,10099,"BAUTISTA, CLAIRE V.",2025-06-11,07:50:33,2025-06-11 07:50:33,IN,DEV-002,Fingerprint,DAY,Valid
1429,10122,"DOMINGO, ALLEN S.",2025-06-11,07:51:08,2025-06-11 07:51:08,IN,DEV-002,PIN,DAY,Valid
1430,10022,"REYES, JOSE R.",2025-06-11,07:55:19,2025-06-11 07:55:19,IN,DEV-001,Fingerprint,DAY,Valid
1431,10100,"AQUINO, DANILO P.",2025-06-11,07:55:46,2025-06-11 07:55:46,IN,DEV-001,Face,DAY,Valid
1432,12345,"RELATIVO, XAVIER D.",2025-06-11,07:58:59,2025-06-11 07:58:59,IN,DEV-002,Fingerprint,DAY,Valid
1433,10144,"NAVARRO, EDGAR A.",2025-06-11,08:00:42,2025-06-11 08:00:42,IN,DEV-001,Fingerprint,DAY,Valid
1434,10088,"FLORES, RODEL G.",2025-06-11,08:04:37,2025-06-11 08:04:37,IN,DEV-002,Fingerprint,DAY,Valid
1435,10066,"VILLANUEVA, MARK T.",2025-06-11,08:18:02,2025-06-11 08:18:02,IN,DEV-003,Face,DAY,Valid
1436,10133,"RAMOS, JESSA Q.",2025-06-11,08:21:40,2025-06-11 08:21:40,IN,DEV-001,Fingerprint,DAY,Valid
1437,10055,"TORRES, LIZA M.",2025-06-11,08:27:53,2025-06-11 08:27:53,IN,DEV-001,Face,DAY,Valid
1438,10111,"CRUZ, PATRICIA J.",2025-06-11,08:29:04,2025-06-11 08:29:04,IN,DEV-002,RFID,DAY,Valid
1439,10044,"MENDOZA, CARLO B.",2025-06-11,08:53:12,2025-06-11 08:53:12,IN,DEV-001,Fingerprint,DAY,Valid
1440,10011,"SANTOS, MARIA C.",2025-06-11,08:59:01,2025-06-11 08:59:01,IN,DEV-001,Face,DAY,Valid
1441,10033,"GARCIA, ANNA L.",2025-06-11,09:33:05,2025-06-11 09:33:05,IN,DEV-001,Fingerprint,DAY,Valid
1442,10099,"BAUTISTA, CLAIRE V.",2025-06-11,11:47:58,2025-06-11 11:47:58,OUT,DEV-001,Fingerprint,,Valid
1443,12345,"RELATIVO, XAVIER D.",2025-06-11,11:51:45,2025-06-11 11:51:45,OUT,DEV-001,PIN,,Valid
1444,10055,"TORRES, LIZA M.",2025-06-11,11:53:44,2025-06-11 11:53:44,OUT,DEV-002,RFID,,Valid
1445,10011,"SANTOS, MARIA C.",2025-06-11,11:53:55,2025-06-11 11:53:55,OUT,DEV-001,Face,,Valid
1446,10022,"REYES, JOSE R.",2025-06-11,11:54:36,2025-06-11 11:54:36,OUT,DEV-002,PIN,,Valid
1447,10033,"GARCIA, ANNA L.",2025-06-11,11:55:42,2025-06-11 11:55:42,OUT,DEV-001,Fingerprint,,Valid
1448,10133,"RAMOS, JESSA Q.",2025-06-11,11:56:03,2025-06-11 11:56:03,OUT,DEV-001,Face,,Valid
1449,10044,"MENDOZA, CARLO B.",2025-06-11,11:56:33,2025-06-11 11:56:33,OUT,DEV-001,Fingerprint,,Valid
1450,10111,"CRUZ, PATRICIA J.",2025-06-11,11:58:43,2025-06-11 11:58:43,OUT,DEV-001,Face,,Valid
1451,10088,"FLORES, RODEL G.",2025-06-11,12:02:31,2025-06-11 12:02:31,OUT,DEV-002,Fingerprint,,Valid
1452,10077,"CASTILLO, NINA F.",2025-06-11,12:03:08,2025-06-11 12:03:08,OUT,DEV-001,Fingerprint,,Valid
1453,10066,"VILLANUEVA, MARK T.",2025-06-11,12:04:08,2025-06-11 12:04:08,OUT,DEV-001,Fingerprint,,Valid
1454,10100,"AQUINO, DANILO P.",2025-06-11,12:08:34,2025-06-11 12:08:34,OUT,DEV-001,RFID,,Valid
1455,10144,"NAVARRO, EDGAR A.",2025-06-11,12:10:58,2025-06-11 12:10:58,OUT,DEV-002,Face,,Valid
1456,10122,"DOMINGO, ALLEN S.",2025-06-11,12:14:03,2025-06-11 12:14:03,OUT,DEV-003,RFID,,Valid
1457,10122,"DOMINGO, ALLEN S.",2025-06-11,12:49:44,2025-06-11 12:49:44,IN,DEV-003,Fingerprint,DAY,Valid
1458,10044,"MENDOZA, CARLO B.",2025-06-11,12:50:16,2025-06-11 12:50:16,IN,DEV-003,RFID,DAY,Valid
1459,10066,"VILLANUEVA, MARK T.",2025-06-11,12:50:53,2025-06-11 12:50:53,IN,DEV-002,Face,DAY,Valid
1460,10111,"CRUZ, PATRICIA J.",2025-06-11,12:52:16,2025-06-11 12:52:16,IN,DEV-002,Face,DAY,Valid
1461,10055,"TORRES, LIZA M.",2025-06-11,12:56:00,2025-06-11 12:56:00,IN,DEV-001,Fingerprint,DAY,Valid
1462,10133,"RAMOS, JESSA Q.",2025-06-11,12:56:10,2025-06-11 12:56:10,IN,DEV-001,Fingerprint,DAY,Valid
1463,10011,"SANTOS, MARIA C.",2025-06-11,12:56:41,2025-06-11 12:56:41,IN,DEV-001,Face,DAY,Valid
1464,10022,"REYES, JOSE R.",2025-06-11,12:57:45,2025-06-11 12:57:45,IN,DEV-001,Face,DAY,Valid
1465,10033,"GARCIA, ANNA L.",2025-06-11,12:58:44,2025-06-11 12:58:44,IN,DEV-001,Face,DAY,Valid
1466,10100,"AQUINO, DANILO P.",2025-06-11,13:02:41,2025-06-11 13:02:41,IN,DEV-003,Fingerprint,DAY,Valid
1467,10099,"BAUTISTA, CLAIRE V.",2025-06-11,13:02:57,2025-06-11 13:02:57,IN,DEV-001,Face,DAY,Valid
1468,10077,"CASTILLO, NINA F.",2025-06-11,13:05:17,2025-06-11 13:05:17,IN,DEV-001,Fingerprint,DAY,Valid
1469,12345,"RELATIVO, XAVIER D.",2025-06-11,13:05:23,2025-06-11 13:05:23,IN,DEV-001,Fingerprint,DAY,Valid
1470,10088,"FLORES, RODEL G.",2025-06-11,13:11:01,2025-06-11 13:11:01,IN,DEV-001,Face,DAY,Valid
1471,10144,"NAVARRO, EDGAR A.",2025-06-11,13:15:14,2025-06-11 13:15:14,IN,DEV-001,PIN,DAY,Valid
1472,10100,"AQUINO, DANILO P.",2025-06-11,17:09:52,2025-06-11 17:09:52,OUT,DEV-002,Face,,Valid
1473,12345,"RELATIVO, XAVIER D.",2025-06-11,17:15:15,2025-06-11 17:15:15,OUT,DEV-001,Fingerprint,,Valid
1474,10099,"BAUTISTA, CLAIRE V.",2025-06-11,17:19:10,2025-06-11 17:19:10,OUT,DEV-001,Fingerprint,,Valid
1475,10066,"VILLANUEVA, MARK T.",2025-06-11,17:21:46,2025-06-11 17:21:46,OUT,DEV-001,Fingerprint,,Valid
1476,10077,"CASTILLO, NINA F.",2025-06-11,17:23:31,2025-06-11 17:23:31,OUT,DEV-001,RFID,,Valid
1477,10122,"DOMINGO, ALLEN S.",2025-06-11,17:41:53,2025-06-11 17:41:53,OUT,DEV-001,RFID,,Valid
1478,10111,"CRUZ, PATRICIA J.",2025-06-11,17:48:04,2025-06-11 17:48:04,OUT,DEV-001,Face,,Valid
1479,10144,"NAVARRO, EDGAR A.",2025-06-11,17:49:22,2025-06-11 17:49:22,OUT,DEV-003,PIN,,Valid
1480,10033,"GARCIA, ANNA L.",2025-06-11,17:51:52,2025-06-11 17:51:52,OUT,DEV-002,Fingerprint,,Valid
1481,10088,"FLORES, RODEL G.",2025-06-11,17:53:37,2025-06-11 17:53:37,OUT,DEV-001,RFID,,Valid
1482,10011,"SANTOS, MARIA C.",2025-06-11,18:08:21,2025-06-11 18:08:21,OUT,DEV-003,Fingerprint,,Valid
1483,10133,"RAMOS, JESSA Q.",2025-06-11,18:13:43,2025-06-11 18:13:43,OUT,DEV-002,Fingerprint,,Valid
1484,10022,"REYES, JOSE R.",2025-06-11,18:20:15,2025-06-11 18:20:15,OUT,DEV-001,Face,,Valid
1485,10055,"TORRES, LIZA M.",2025-06-11,18:24:25,2025-06-11 18:24:25,OUT,DEV-001,Face,,Valid
1486,10133,"RAMOS, JESSA Q.",2025-06-12,07:47:35,2025-06-12 07:47:35,IN,DEV-002,RFID,DAY,Valid
1487,10122,"DOMINGO, ALLEN S.",2025-06-12,07:50:25,2025-06-12 07:50:25,IN,DEV-001,Fingerprint,DAY,Valid
1488,10088,"FLORES, RODEL G.",2025-06-12,07:59:46,2025-06-12 07:59:46,IN,DEV-001,Fingerprint,DAY,Valid
1489,10044,"MENDOZA, CARLO B.",2025-06-12,07:59:55,2025-06-12 07:59:55,IN,DEV-002,Face,DAY,Valid
1490,10066,"VILLANUEVA, MARK T.",2025-06-12,08:04:51,2025-06-12 08:04:51,IN,DEV-003,Face,DAY,Valid
1491,10011,"SANTOS, MARIA C.",2025-06-12,08:05:27,2025-06-12 08:05:27,IN,DEV-001,Face,DAY,Valid
1492,10055,"TORRES, LIZA M.",2025-06-12,08:05:49,2025-06-12 08:05:49,IN,DEV-001,RFID,DAY,Valid
1493,12345,"RELATIVO, XAVIER D.",2025-06-12,08:06:04,2025-06-12 08:06:04,IN,DEV-001,Fingerprint,DAY,Valid
1494,10144,"NAVARRO, EDGAR A.",2025-06-12,08:07:36,2025-06-12 08:07:36,IN,DEV-001,Face,DAY,Valid
1495,10022,"REYES, JOSE R.",2025-06-12,08:08:04,2025-06-12 08:08:04,IN,DEV-001,Fingerprint,DAY,Valid
1496,10100,"AQUINO, DANILO P.",2025-06-12,08:24:40,2025-06-12 08:24:40,IN,DEV-002,Face,DAY,Valid
1497,10100,"AQUINO, DANILO P.",2025-06-12,08:26:10,2025-06-12 08:26:10,IN,DEV-002,Face,DAY,Duplicate
1498,10111,"CRUZ, PATRICIA J.",2025-06-12,08:29:57,2025-06-12 08:29:57,IN,DEV-001,RFID,DAY,Valid
1499,10077,"CASTILLO, NINA F.",2025-06-12,08:56:07,2025-06-12 08:56:07,IN,DEV-001,Fingerprint,DAY,Valid
1500,10099,"BAUTISTA, CLAIRE V.",2025-06-12,09:36:26,2025-06-12 09:36:26,IN,DEV-001,Fingerprint,DAY,Valid
1501,10033,"GARCIA, ANNA L.",2025-06-12,09:40:29,2025-06-12 09:40:29,IN,DEV-001,Fingerprint,LEAVE,Forced
1502,10077,"CASTILLO, NINA F.",2025-06-12,11:50:57,2025-06-12 11:50:57,OUT,DEV-002,PIN,,Valid
1503,10066,"VILLANUEVA, MARK T.",2025-06-12,11:51:23,2025-06-12 11:51:23,OUT,DEV-002,Face,,Valid
1504,10144,"NAVARRO, EDGAR A.",2025-06-12,11:51:53,2025-06-12 11:51:53,OUT,DEV-003,RFID,,Valid
1505,10033,"GARCIA, ANNA L.",2025-06-12,11:56:39,2025-06-12 11:56:39,OUT,DEV-002,Face,,Valid
1506,10044,"MENDOZA, CARLO B.",2025-06-12,11:57:54,2025-06-12 11:57:54,OUT,DEV-002,Fingerprint,,Valid
1507,10011,"SANTOS, MARIA C.",2025-06-12,11:57:57,2025-06-12 11:57:57,OUT,DEV-001,Fingerprint,,Valid
1508,10099,"BAUTISTA, CLAIRE V.",2025-06-12,11:59:43,2025-06-12 11:59:43,OUT,DEV-002,Face,,Valid
1509,12345,"RELATIVO, XAVIER D.",2025-06-12,12:00:13,2025-06-12 12:00:13,OUT,DEV-001,Face,,Valid
1510,10088,"FLORES, RODEL G.",2025-06-12,12:01:40,2025-06-12 12:01:40,OUT,DEV-002,Face,,Valid
1511,10133,"RAMOS, JESSA Q.",2025-06-12,12:05:26,2025-06-12 12:05:26,OUT,DEV-001,Fingerprint,,Valid
1512,10100,"AQUINO, DANILO P.",2025-06-12,12:06:31,2025-06-12 12:06:31,OUT,DEV-001,Fingerprint,,Valid
1513,10022,"REYES, JOSE R.",2025-06-12,12:12:26,2025-06-12 12:12:26,OUT,DEV-002,Fingerprint,,Valid
1514,10055,"TORRES, LIZA M.",2025-06-12,12:13:03,2025-06-12 12:13:03,OUT,DEV-001,Face,,Valid
1515,10111,"CRUZ, PATRICIA J.",2025-06-12,12:14:05,2025-06-12 12:14:05,OUT,DEV-001,Fingerprint,,Valid
1516,10122,"DOMINGO, ALLEN S.",2025-06-12,12:14:56,2025-06-12 12:14:56,OUT,DEV-001,PIN,,Valid
1517,10055,"TORRES, LIZA M.",2025-06-12,12:46:43,2025-06-12 12:46:43,IN,DEV-001,Fingerprint,DAY,Valid
1518,10122,"DOMINGO, ALLEN S.",2025-06-12,12:55:37,2025-06-12 12:55:37,IN,DEV-001,Face,DAY,Valid
1519,10088,"FLORES, RODEL G.",2025-06-12,12:57:09,2025-06-12 12:57:09,IN,DEV-002,Fingerprint,DAY,Valid
1520,10099,"BAUTISTA, CLAIRE V.",2025-06-12,12:57:16,2025-06-12 12:57:16,IN,DEV-002,Face,DAY,Valid
1521,10100,"AQUINO, DANILO P.",2025-06-12,12:58:00,2025-06-12 12:58:00,IN,DEV-001,Face,DAY,Valid
1522,10066,"VILLANUEVA, MARK T.",2025-06-12,12:59:29,2025-06-12 12:59:29,IN,DEV-002,Face,DAY,Valid
1523,10144,"NAVARRO, EDGAR A.",2025-06-12,13:00:34,2025-06-12 13:00:34,IN,DEV-001,Fingerprint,DAY,Valid
1524,10111,"CRUZ, PATRICIA J.",2025-06-12,13:06:22,2025-06-12 13:06:22,IN,DEV-001,Face,DAY,Valid
1525,10011,"SANTOS, MARIA C.",2025-06-12,13:07:27,2025-06-12 13:07:27,IN,DEV-001,RFID,DAY,Valid
1526,10033,"GARCIA, ANNA L.",2025-06-12,13:09:03,2025-06-12 13:09:03,IN,DEV-001,Fingerprint,DAY,Valid
1527,10044,"MENDOZA, CARLO B.",2025-06-12,13:10:25,2025-06-12 13:10:25,IN,DEV-001,Fingerprint,DAY,Valid
1528,10077,"CASTILLO, NINA F.",2025-06-12,13:10:43,2025-06-12 13:10:43,IN,DEV-003,PIN,DAY,Valid
1529,12345,"RELATIVO, XAVIER D.",2025-06-12,13:13:36,2025-06-12 13:13:36,IN,DEV-001,Fingerprint,DAY,Valid
1530,10133,"RAMOS, JESSA Q.",2025-06-12,13:14:46,2025-06-12 13:14:46,IN,DEV-001,RFID,DAY,Valid
1531,10022,"REYES, JOSE R.",2025-06-12,13:15:23,2025-06-12 13:15:23,IN,DEV-002,RFID,DAY,Valid
1532,10133,"RAMOS, JESSA Q.",2025-06-12,16:43:23,2025-06-12 16:43:23,OUT,DEV-001,Face,,Valid
1533,10144,"NAVARRO, EDGAR A.",2025-06-12,17:11:03,2025-06-12 17:11:03,OUT,DEV-001,Fingerprint,,Valid
1534,10122,"DOMINGO, ALLEN S.",2025-06-12,17:11:46,2025-06-12 17:11:46,OUT,DEV-003,Face,,Valid
1535,10033,"GARCIA, ANNA L.",2025-06-12,17:36:28,2025-06-12 17:36:28,OUT,DEV-003,Fingerprint,,Valid
1536,10055,"TORRES, LIZA M.",2025-06-12,17:54:31,2025-06-12 17:54:31,OUT,DEV-002,Fingerprint,,Valid
1537,10044,"MENDOZA, CARLO B.",2025-06-12,17:58:23,2025-06-12 17:58:23,OUT,DEV-002,Face,,Valid
1538,12345,"RELATIVO, XAVIER D.",2025-06-12,18:00:51,2025-06-12 18:00:51,OUT,DEV-001,Fingerprint,,Valid
1539,10066,"VILLANUEVA, MARK T.",2025-06-12,18:04:33,2025-06-12 18:04:33,OUT,DEV-001,Fingerprint,,Valid
1540,10100,"AQUINO, DANILO P.",2025-06-12,18:08:18,2025-06-12 18:08:18,OUT,DEV-001,RFID,,Valid
1541,10011,"SANTOS, MARIA C.",2025-06-12,18:08:43,2025-06-12 18:08:43,OUT,DEV-002,Face,,Valid
1542,10111,"CRUZ, PATRICIA J.",2025-06-12,18:12:41,2025-06-12 18:12:41,OUT,DEV-002,Fingerprint,,Valid
1543,10088,"FLORES, RODEL G.",2025-06-12,18:13:44,2025-06-12 18:13:44,OUT,DEV-001,Fingerprint,,Valid
1544,10099,"BAUTISTA, CLAIRE V.",2025-06-12,18:14:04,2025-06-12 18:14:04,OUT,DEV-001,Fingerprint,,Valid
1545,10077,"CASTILLO, NINA F.",2025-06-12,18:25:22,2025-06-12 18:25:22,OUT,DEV-002,Fingerprint,,Valid
1546,10022,"REYES, JOSE R.",2025-06-12,18:30:09,2025-06-12 18:30:09,OUT,DEV-001,Face,,Valid
1547,12345,"RELATIVO, XAVIER D.",2025-06-13,07:48:25,2025-06-13 07:48:25,IN,DEV-002,Face,DAY,Valid
1548,10088,"FLORES, RODEL G.",2025-06-13,07:48:45,2025-06-13 07:48:45,IN,DEV-001,Fingerprint,DAY,Valid
1549,10077,"CASTILLO, NINA F.",2025-06-13,07:59:07,2025-06-13 07:59:07,IN,DEV-002,PIN,DAY,Valid
1550,10022,"REYES, JOSE R.",2025-06-13,08:02:20,2025-06-13 08:02:20,IN,DEV-002,RFID,DAY,Valid
1551,10055,"TORRES, LIZA M.",2025-06-13,08:04:02,2025-06-13 08:04:02,IN,DEV-003,Fingerprint,DAY,Valid
1552,10011,"SANTOS, MARIA C.",2025-06-13,08:04:32,2025-06-13 08:04:32,IN,DEV-001,Fingerprint,DAY,Valid
1553,10144,"NAVARRO, EDGAR A.",2025-06-13,08:05:03,2025-06-13 08:05:03,IN,DEV-001,Fingerprint,DAY,Valid
1554,10122,"DOMINGO, ALLEN S.",2025-06-13,08:05:53,2025-06-13 08:05:53,IN,DEV-001,Fingerprint,DAY,Valid
1555,10100,"AQUINO, DANILO P.",2025-06-13,08:18:16,2025-06-13 08:18:16,IN,DEV-001,RFID,DAY,Valid
1556,10044,"MENDOZA, CARLO B.",2025-06-13,08:20:20,2025-06-13 08:20:20,IN,DEV-003,PIN,DAY,Unverified
1557,10111,"CRUZ, PATRICIA J.",2025-06-13,08:22:44,2025-06-13 08:22:44,IN,DEV-001,Face,DAY,Valid
1558,10066,"VILLANUEVA, MARK T.",2025-06-13,08:30:54,2025-06-13 08:30:54,IN,DEV-001,Fingerprint,DAY,Valid
1559,10099,"BAUTISTA, CLAIRE V.",2025-06-13,08:48:49,2025-06-13 08:48:49,IN,DEV-002,Face,DAY,Valid
1560,10033,"GARCIA, ANNA L.",2025-06-13,08:59:53,2025-06-13 08:59:53,IN,DEV-003,PIN,DAY,Unverified
1561,10133,"RAMOS, JESSA Q.",2025-06-13,09:10:20,2025-06-13 09:10:20,IN,DEV-001,Fingerprint,DAY,Valid
1562,10055,"TORRES, LIZA M.",2025-06-13,11:46:00,2025-06-13 11:46:00,OUT,DEV-001,RFID,,Valid
1563,10022,"REYES, JOSE R.",2025-06-13,11:47:17,2025-06-13 11:47:17,OUT,DEV-003,Fingerprint,,Valid
1564,10066,"VILLANUEVA, MARK T.",2025-06-13,11:47:48,2025-06-13 11:47:48,OUT,DEV-001,Fingerprint,,Valid
1565,12345,"RELATIVO, XAVIER D.",2025-06-13,11:48:15,2025-06-13 11:48:15,OUT,DEV-001,Fingerprint,,Valid
1566,10122,"DOMINGO, ALLEN S.",2025-06-13,11:49:36,2025-06-13 11:49:36,OUT,DEV-003,Face,,Valid
1567,10044,"MENDOZA, CARLO B.",2025-06-13,11:52:41,2025-06-13 11:52:41,OUT,DEV-001,RFID,,Valid
1568,10077,"CASTILLO, NINA F.",2025-06-13,11:52:50,2025-06-13 11:52:50,OUT,DEV-001,Fingerprint,,Valid
1569,10088,"FLORES, RODEL G.",2025-06-13,11:55:42,2025-06-13 11:55:42,OUT,DEV-001,Fingerprint,,Valid
1570,10133,"RAMOS, JESSA Q.",2025-06-13,11:56:12,2025-06-13 11:56:12,OUT,DEV-001,Face,,Valid
1571,10100,"AQUINO, DANILO P.",2025-06-13,11:57:05,2025-06-13 11:57:05,OUT,DEV-001,Fingerprint,,Valid
1572,10111,"CRUZ, PATRICIA J.",2025-06-13,11:57:29,2025-06-13 11:57:29,OUT,DEV-002,Face,,Valid
1573,10011,"SANTOS, MARIA C.",2025-06-13,11:57:44,2025-06-13 11:57:44,OUT,DEV-001,Fingerprint,,Valid
1574,10033,"GARCIA, ANNA L.",2025-06-13,11:59:07,2025-06-13 11:59:07,OUT,DEV-002,Fingerprint,,Valid
1575,10144,"NAVARRO, EDGAR A.",2025-06-13,12:14:09,2025-06-13 12:14:09,OUT,DEV-002,RFID,,Valid
1576,10099,"BAUTISTA, CLAIRE V.",2025-06-13,12:15:26,2025-06-13 12:15:26,OUT,DEV-001,RFID,,Valid
1577,12345,"RELATIVO, XAVIER D.",2025-06-13,12:49:27,2025-06-13 12:49:27,IN,DEV-001,Fingerprint,DAY,Valid
1578,10011,"SANTOS, MARIA C.",2025-06-13,12:58:42,2025-06-13 12:58:42,IN,DEV-003,Face,DAY,Valid
1579,10022,"REYES, JOSE R.",2025-06-13,12:59:36,2025-06-13 12:59:36,IN,DEV-002,Fingerprint,DAY,Valid
1580,10099,"BAUTISTA, CLAIRE V.",2025-06-13,12:59:55,2025-06-13 12:59:55,IN,DEV-003,Fingerprint,DAY,Valid
1581,10066,"VILLANUEVA, MARK T.",2025-06-13,13:01:09,2025-06-13 13:01:09,IN,DEV-002,Fingerprint,DAY,Valid
1582,10111,"CRUZ, PATRICIA J.",2025-06-13,13:01:09,2025-06-13 13:01:09,IN,DEV-001,Fingerprint,DAY,Valid
1583,10100,"AQUINO, DANILO P.",2025-06-13,13:03:15,2025-06-13 13:03:15,IN,DEV-003,Fingerprint,DAY,Valid
1584,10077,"CASTILLO, NINA F.",2025-06-13,13:03:23,2025-06-13 13:03:23,IN,DEV-001,PIN,DAY,Valid
1585,10133,"RAMOS, JESSA Q.",2025-06-13,13:08:39,2025-06-13 13:08:39,IN,DEV-001,Fingerprint,DAY,Valid
1586,10055,"TORRES, LIZA M.",2025-06-13,13:09:08,2025-06-13 13:09:08,IN,DEV-002,Fingerprint,DAY,Valid
1587,10144,"NAVARRO, EDGAR A.",2025-06-13,13:12:23,2025-06-13 13:12:23,IN,DEV-003,Fingerprint,DAY,Valid
1588,10122,"DOMINGO, ALLEN S.",2025-06-13,13:13:43,2025-06-13 13:13:43,IN,DEV-002,Fingerprint,DAY,Valid
1589,10044,"MENDOZA, CARLO B.",2025-06-13,13:14:44,2025-06-13 13:14:44,IN,DEV-001,Fingerprint,DAY,Valid
1590,10033,"GARCIA, ANNA L.",2025-06-13,13:14:45,2025-06-13 13:14:45,IN,DEV-001,Face,DAY,Valid
1591,10088,"FLORES, RODEL G.",2025-06-13,13:15:11,2025-06-13 13:15:11,IN,DEV-001,Fingerprint,DAY,Valid
1592,10144,"NAVARRO, EDGAR A.",2025-06-13,16:54:25,2025-06-13 16:54:25,OUT,DEV-001,Fingerprint,,Valid
1593,10022,"REYES, JOSE R.",2025-06-13,17:03:31,2025-06-13 17:03:31,OUT,DEV-003,Fingerprint,,Valid
1594,12345,"RELATIVO, XAVIER D.",2025-06-13,17:09:28,2025-06-13 17:09:28,OUT,DEV-002,RFID,,Valid
1595,10099,"BAUTISTA, CLAIRE V.",2025-06-13,17:10:43,2025-06-13 17:10:43,OUT,DEV-003,RFID,,Valid
1596,10111,"CRUZ, PATRICIA J.",2025-06-13,17:13:18,2025-06-13 17:13:18,OUT,DEV-001,PIN,,Valid
1597,10055,"TORRES, LIZA M.",2025-06-13,17:15:00,2025-06-13 17:15:00,OUT,DEV-001,Fingerprint,,Valid
1598,10077,"CASTILLO, NINA F.",2025-06-13,17:16:39,2025-06-13 17:16:39,OUT,DEV-003,Fingerprint,,Valid
1599,10044,"MENDOZA, CARLO B.",2025-06-13,17:17:02,2025-06-13 17:17:02,OUT,DEV-003,Fingerprint,,Valid
1600,10011,"SANTOS, MARIA C.",2025-06-13,17:22:39,2025-06-13 17:22:39,OUT,DEV-001,Fingerprint,,Valid
1601,10066,"VILLANUEVA, MARK T.",2025-06-13,17:28:52,2025-06-13 17:28:52,OUT,DEV-001,Fingerprint,,Valid
1602,10033,"GARCIA, ANNA L.",2025-06-13,17:53:53,2025-06-13 17:53:53,OUT,DEV-001,Fingerprint,,Valid
1603,10133,"RAMOS, JESSA Q.",2025-06-13,18:03:49,2025-06-13 18:03:49,OUT,DEV-002,Face,,Valid
1604,10088,"FLORES, RODEL G.",2025-06-13,18:09:22,2025-06-13 18:09:22,OUT,DEV-002,RFID,,Valid
1605,10122,"DOMINGO, ALLEN S.",2025-06-13,18:20:50,2025-06-13 18:20:50,OUT,DEV-002,Fingerprint,,Valid
1606,10100,"AQUINO, DANILO P.",2025-06-13,18:27:52,2025-06-13 18:27:52,OUT,DEV-002,Face,,Valid
1607,10111,"CRUZ, PATRICIA J.",2025-06-13,19:29:53,2025-06-13 19:29:53,OUT,DEV-003,Fingerprint,OT,Valid
1608,10133,"RAMOS, JESSA Q.",2025-06-13,21:19:48,2025-06-13 21:19:48,OUT,DEV-002,Fingerprint,OT,Valid
